MAC,Timestamp,Lin_Acc_X,Lin_Acc_Y,Lin_Acc_Z,Roll,Pitch

CC:7B:5C:AF:BD:F4,2025:02:27 14:13:45:800,1.84,3.25,-13.67,0.23,0.13
CC:7B:5C:AF:BD:F4,2025:02:27 14:13:45:900,0.63,1.08,-4.57,0.23,0.13
CC:7B:5C:AF:BD:F4,2025:02:27 14:13:46:000,-1.54,-2.75,11.37,0.24,0.13
CC:7B:5C:AF:BD:F4,2025:02:27 14:13:46:100,1.65,2.68,-11.29,0.23,0.14
CC:7B:5C:AF:BD:F4,2025:02:27 14:13:46:200,3.08,5.24,-22.54,0.23,0.13
CC:7B:5C:AF:BD:F4,2025:02:27 14:13:46:300,-2.17,-3.05,13.81,0.22,0.15
CC:7B:5C:AF:BD:F4,2025:02:27 14:13:46:400,-6.58,-8.43,39.6,0.21,0.16
CC:7B:5C:AF:BD:F4,2025:02:27 14:13:46:500,-7.09,-7.16,36.34,0.19,0.19
CC:7B:5C:AF:BD:F4,2025:02:27 14:13:46:600,-2.71,-2.91,13.55,0.21,0.19
CC:7B:5C:AF:BD:F4,2025:02:27 14:13:46:700,-79.15,-55.91,199.5,0.27,0.36
CC:7B:5C:AF:BD:F4,2025:02:27 14:13:46:800,-348.69,-112.18,452.05,0.24,0.64
CC:7B:5C:AF:BD:F4,2025:02:27 14:13:46:900,-369.85,231.99,395.05,-0.53,0.68
CC:7B:5C:AF:BD:F4,2025:02:27 14:13:47:000,148.99,-142.67,-29.48,-1.37,0.8
CC:7B:5C:AF:BD:F4,2025:02:27 14:13:47:100,436.8,195.95,-91.42,-2.01,-1.11
CC:7B:5C:AF:BD:F4,2025:02:27 14:13:47:200,-11.96,-59.68,-92.57,-0.57,-0.11
CC:7B:5C:AF:BD:F4,2025:02:27 14:13:47:300,38.33,-147.92,-100.86,-0.97,0.21
CC:7B:5C:AF:BD:F4,2025:02:27 14:13:47:400,-7.18,52.92,35.67,-0.98,0.11
CC:7B:5C:AF:BD:F4,2025:02:27 14:13:47:500,3.74,-24.92,-10.1,-1.19,0.14
CC:7B:5C:AF:BD:F4,2025:02:27 14:13:47:600,-4.91,28.02,15.26,-1.07,0.15
CC:7B:5C:AF:BD:F4,2025:02:27 14:13:47:700,-0.11,0.71,0.38,-1.09,0.14

CC:7B:5C:AF:BD:F4,2025:02:27 14:13:51:400,0.08,1.03,-3.03,0.33,0.03
CC:7B:5C:AF:BD:F4,2025:02:27 14:13:51:500,0.1,0.97,-2.83,0.33,0.03
CC:7B:5C:AF:BD:F4,2025:02:27 14:13:51:600,0.15,1.62,-4.74,0.33,0.03
CC:7B:5C:AF:BD:F4,2025:02:27 14:13:51:700,0.16,2.14,-6.43,0.32,0.02
CC:7B:5C:AF:BD:F4,2025:02:27 14:13:51:800,0.23,1.62,-4.8,0.32,0.05
CC:7B:5C:AF:BD:F4,2025:02:27 14:13:51:900,-0.21,-1.55,4.5,0.33,0.04
CC:7B:5C:AF:BD:F4,2025:02:27 14:13:52:000,0.49,5.15,-14.75,0.34,0.03
CC:7B:5C:AF:BD:F4,2025:02:27 14:13:52:100,0.9,7.13,-19.76,0.35,0.04
CC:7B:5C:AF:BD:F4,2025:02:27 14:13:52:200,0.14,1.36,-4.0,0.33,0.03
CC:7B:5C:AF:BD:F4,2025:02:27 14:13:52:300,-1.9,-6.36,22.82,0.27,0.08
CC:7B:5C:AF:BD:F4,2025:02:27 14:13:52:400,-296.08,-219.18,593.4,0.35,0.44
CC:7B:5C:AF:BD:F4,2025:02:27 14:13:52:500,-772.33,72.68,895.98,-0.08,0.71
CC:7B:5C:AF:BD:F4,2025:02:27 14:13:52:600,-85.15,-0.55,9.47,0.06,1.46
CC:7B:5C:AF:BD:F4,2025:02:27 14:13:52:700,672.84,328.2,-141.4,-1.98,-1.08
CC:7B:5C:AF:BD:F4,2025:02:27 14:13:52:800,261.67,-294.84,157.0,-2.06,0.66
CC:7B:5C:AF:BD:F4,2025:02:27 14:13:52:900,2.37,-46.82,-23.1,-1.11,0.05
CC:7B:5C:AF:BD:F4,2025:02:27 14:13:53:000,4.02,-43.64,-5.64,-1.44,0.09
CC:7B:5C:AF:BD:F4,2025:02:27 14:13:53:100,-4.26,45.09,10.48,-1.34,0.09
CC:7B:5C:AF:BD:F4,2025:02:27 14:13:53:200,-3.07,28.5,7.3,-1.32,0.1
CC:7B:5C:AF:BD:F4,2025:02:27 14:13:53:300,-2.23,14.89,4.17,-1.3,0.14

CC:7B:5C:AF:BD:F4,2025:02:27 14:14:00:300,-1.9,-13.22,89.06,0.15,0.02
CC:7B:5C:AF:BD:F4,2025:02:27 14:14:00:400,-0.31,-1.4,32.0,0.04,0.01
CC:7B:5C:AF:BD:F4,2025:02:27 14:14:00:500,9.03,16.75,-125.73,0.13,0.07
CC:7B:5C:AF:BD:F4,2025:02:27 14:14:00:600,1.29,-4.42,29.22,0.15,-0.04
CC:7B:5C:AF:BD:F4,2025:02:27 14:14:00:700,0.05,-0.52,3.59,0.14,-0.01
CC:7B:5C:AF:BD:F4,2025:02:27 14:14:00:800,0.06,-1.43,11.55,0.12,-0.0
CC:7B:5C:AF:BD:F4,2025:02:27 14:14:00:900,-0.39,-1.61,12.17,0.13,0.03
CC:7B:5C:AF:BD:F4,2025:02:27 14:14:01:000,-55.8,-25.26,180.21,0.14,0.3
CC:7B:5C:AF:BD:F4,2025:02:27 14:14:01:100,-327.73,-1.98,565.72,0.0,0.53
CC:7B:5C:AF:BD:F4,2025:02:27 14:14:01:200,-512.92,74.66,909.25,-0.08,0.51
CC:7B:5C:AF:BD:F4,2025:02:27 14:14:01:300,-65.28,23.62,61.13,-0.37,0.78
CC:7B:5C:AF:BD:F4,2025:02:27 14:14:01:400,-727.29,125.09,-96.0,0.92,-1.36
CC:7B:5C:AF:BD:F4,2025:02:27 14:14:01:500,30.13,87.8,-116.89,-2.5,-0.2
CC:7B:5C:AF:BD:F4,2025:02:27 14:14:01:600,-34.55,-243.58,-66.71,-1.3,-0.14
CC:7B:5C:AF:BD:F4,2025:02:27 14:14:01:700,0.23,112.51,64.81,-1.05,-0.0
CC:7B:5C:AF:BD:F4,2025:02:27 14:14:01:800,0.08,-3.38,-0.35,-1.47,0.02
CC:7B:5C:AF:BD:F4,2025:02:27 14:14:01:900,0.19,97.99,30.43,-1.27,-0.0
CC:7B:5C:AF:BD:F4,2025:02:27 14:14:02:000,-0.71,29.19,8.28,-1.29,0.02
CC:7B:5C:AF:BD:F4,2025:02:27 14:14:02:100,0.27,-5.43,-1.68,-1.27,0.05
CC:7B:5C:AF:BD:F4,2025:02:27 14:14:02:200,-0.02,0.24,0.08,-1.26,0.07

CC:7B:5C:AF:BD:F4,2025:02:27 14:14:07:200,-0.86,-0.51,-9.66,-0.05,-0.09
CC:7B:5C:AF:BD:F4,2025:02:27 14:14:07:300,-0.72,-0.45,-7.31,-0.06,-0.1
CC:7B:5C:AF:BD:F4,2025:02:27 14:14:07:400,-1.26,-0.87,-12.23,-0.07,-0.1
CC:7B:5C:AF:BD:F4,2025:02:27 14:14:07:500,-0.34,-0.24,-3.37,-0.07,-0.1
CC:7B:5C:AF:BD:F4,2025:02:27 14:14:07:600,-0.22,-0.14,-2.22,-0.06,-0.1
CC:7B:5C:AF:BD:F4,2025:02:27 14:14:07:700,-0.74,-0.5,-7.0,-0.07,-0.1
CC:7B:5C:AF:BD:F4,2025:02:27 14:14:07:800,-0.61,-0.37,-5.93,-0.06,-0.1
CC:7B:5C:AF:BD:F4,2025:02:27 14:14:07:900,-1.89,-1.3,-18.03,-0.07,-0.1
CC:7B:5C:AF:BD:F4,2025:02:27 14:14:08:000,-1.37,-0.93,-13.01,-0.07,-0.1
CC:7B:5C:AF:BD:F4,2025:02:27 14:14:08:100,-1.29,-0.84,-12.51,-0.07,-0.1
CC:7B:5C:AF:BD:F4,2025:02:27 14:14:08:200,-0.5,-0.56,-17.03,-0.03,-0.03
CC:7B:5C:AF:BD:F4,2025:02:27 14:14:08:300,-169.18,-34.89,411.83,0.08,0.39
CC:7B:5C:AF:BD:F4,2025:02:27 14:14:08:400,-624.45,116.4,900.77,-0.13,0.6
CC:7B:5C:AF:BD:F4,2025:02:27 14:14:08:500,-929.82,198.84,1423.46,-0.14,0.57
CC:7B:5C:AF:BD:F4,2025:02:27 14:14:08:600,103.96,36.85,-75.12,-2.69,-0.89
CC:7B:5C:AF:BD:F4,2025:02:27 14:14:08:700,479.93,337.2,-626.83,-2.65,-0.59
CC:7B:5C:AF:BD:F4,2025:02:27 14:14:08:800,-33.06,-168.3,-128.95,-0.92,-0.15
CC:7B:5C:AF:BD:F4,2025:02:27 14:14:08:900,-12.7,78.16,72.53,-0.82,0.12
CC:7B:5C:AF:BD:F4,2025:02:27 14:14:09:000,8.36,-56.95,-16.98,-1.28,0.14
CC:7B:5C:AF:BD:F4,2025:02:27 14:14:09:100,-3.6,27.56,10.24,-1.22,0.12
CC:7B:5C:AF:BD:F4,2025:02:27 14:14:09:200,-3.05,22.03,7.94,-1.23,0.13

CC:7B:5C:AF:BD:F4,2025:02:27 14:14:13:800,-0.77,-0.85,-15.15,-0.06,-0.05
CC:7B:5C:AF:BD:F4,2025:02:27 14:14:13:900,0.14,0.11,1.97,-0.05,-0.07
CC:7B:5C:AF:BD:F4,2025:02:27 14:14:14:000,-1.01,-0.49,-13.63,-0.04,-0.07
CC:7B:5C:AF:BD:F4,2025:02:27 14:14:14:100,-1.44,-0.75,-15.66,-0.05,-0.09
CC:7B:5C:AF:BD:F4,2025:02:27 14:14:14:200,-0.58,-0.4,-6.85,-0.06,-0.08
CC:7B:5C:AF:BD:F4,2025:02:27 14:14:14:300,-0.08,-0.06,-1.06,-0.05,-0.07
CC:7B:5C:AF:BD:F4,2025:02:27 14:14:14:400,0.29,0.27,5.06,-0.05,-0.06
CC:7B:5C:AF:BD:F4,2025:02:27 14:14:14:500,0.31,1.07,14.81,-0.07,-0.02
CC:7B:5C:AF:BD:F4,2025:02:27 14:14:14:600,-0.11,12.39,127.68,-0.1,0.0
CC:7B:5C:AF:BD:F4,2025:02:27 14:14:14:700,-63.3,4.22,243.34,-0.02,0.25
CC:7B:5C:AF:BD:F4,2025:02:27 14:14:14:800,-445.5,63.36,495.63,-0.13,0.73
CC:7B:5C:AF:BD:F4,2025:02:27 14:14:14:900,-717.92,688.79,885.26,-0.66,0.57
CC:7B:5C:AF:BD:F4,2025:02:27 14:14:15:000,188.63,132.9,-463.01,0.28,0.37
CC:7B:5C:AF:BD:F4,2025:02:27 14:14:15:100,494.74,24.19,-351.87,-3.07,-0.95
CC:7B:5C:AF:BD:F4,2025:02:27 14:14:15:200,20.0,-45.61,140.68,-2.83,0.13
CC:7B:5C:AF:BD:F4,2025:02:27 14:14:15:300,-2.57,-10.45,-12.82,-0.68,-0.15
CC:7B:5C:AF:BD:F4,2025:02:27 14:14:15:400,-1.44,43.94,21.23,-1.12,0.03
CC:7B:5C:AF:BD:F4,2025:02:27 14:14:15:500,-0.65,-32.04,-13.73,-1.17,-0.02
CC:7B:5C:AF:BD:F4,2025:02:27 14:14:15:600,0.37,22.02,7.91,-1.23,-0.02
CC:7B:5C:AF:BD:F4,2025:02:27 14:14:15:700,-8.4,-101.92,-40.4,-1.19,-0.08

CC:7B:5C:AF:BD:F4,2025:02:27 14:14:19:600,0.21,-1.77,-13.94,-0.13,0.02
CC:7B:5C:AF:BD:F4,2025:02:27 14:14:19:700,-0.08,0.5,3.98,-0.12,0.02
CC:7B:5C:AF:BD:F4,2025:02:27 14:14:19:800,-0.11,0.69,5.34,-0.13,0.02
CC:7B:5C:AF:BD:F4,2025:02:27 14:14:19:900,0.01,-0.05,-0.44,-0.12,0.02
CC:7B:5C:AF:BD:F4,2025:02:27 14:14:20:000,0.32,-1.5,-12.39,-0.12,0.03
CC:7B:5C:AF:BD:F4,2025:02:27 14:14:20:100,0.18,-1.28,-10.35,-0.12,0.02
CC:7B:5C:AF:BD:F4,2025:02:27 14:14:20:200,0.22,-1.35,-10.37,-0.13,0.02
CC:7B:5C:AF:BD:F4,2025:02:27 14:14:20:300,0.59,-1.95,-15.86,-0.12,0.04
CC:7B:5C:AF:BD:F4,2025:02:27 14:14:20:400,0.16,-0.54,-4.6,-0.12,0.03
CC:7B:5C:AF:BD:F4,2025:02:27 14:14:20:500,0.44,-2.5,-20.24,-0.12,0.02
CC:7B:5C:AF:BD:F4,2025:02:27 14:14:20:600,-17.83,5.2,61.58,-0.08,0.28
CC:7B:5C:AF:BD:F4,2025:02:27 14:14:20:700,-496.44,-35.24,587.81,0.06,0.7
CC:7B:5C:AF:BD:F4,2025:02:27 14:14:20:800,-674.24,376.26,883.15,-0.4,0.61
CC:7B:5C:AF:BD:F4,2025:02:27 14:14:20:900,70.41,-9.84,-78.58,-0.12,0.73
CC:7B:5C:AF:BD:F4,2025:02:27 14:14:21:000,-235.08,-244.64,351.67,-2.53,-0.5
CC:7B:5C:AF:BD:F4,2025:02:27 14:14:21:100,68.61,77.15,-93.14,-2.45,-0.52
CC:7B:5C:AF:BD:F4,2025:02:27 14:14:21:200,-30.58,-148.45,-6.8,-1.53,-0.2
CC:7B:5C:AF:BD:F4,2025:02:27 14:14:21:300,0.96,101.68,63.19,-1.01,-0.01
CC:7B:5C:AF:BD:F4,2025:02:27 14:14:21:400,-2.57,47.44,7.1,-1.42,0.05
CC:7B:5C:AF:BD:F4,2025:02:27 14:14:21:500,-1.6,23.84,5.05,-1.36,0.07

CC:7B:5C:AF:BD:F4,2025:02:27 14:14:25:200,-0.38,0.27,-5.56,0.05,-0.07
CC:7B:5C:AF:BD:F4,2025:02:27 14:14:25:300,-1.14,0.59,-13.5,0.04,-0.08
CC:7B:5C:AF:BD:F4,2025:02:27 14:14:25:400,-1.12,0.62,-13.58,0.05,-0.08
CC:7B:5C:AF:BD:F4,2025:02:27 14:14:25:500,-1.31,0.82,-16.81,0.05,-0.08
CC:7B:5C:AF:BD:F4,2025:02:27 14:14:25:600,-1.43,0.99,-18.67,0.05,-0.08
CC:7B:5C:AF:BD:F4,2025:02:27 14:14:25:700,1.01,-0.79,15.43,0.05,-0.07
CC:7B:5C:AF:BD:F4,2025:02:27 14:14:25:800,0.32,-0.27,5.25,0.05,-0.06
CC:7B:5C:AF:BD:F4,2025:02:27 14:14:25:900,-1.45,1.1,-17.88,0.06,-0.08
CC:7B:5C:AF:BD:F4,2025:02:27 14:14:26:000,-0.67,0.45,-8.52,0.05,-0.08
CC:7B:5C:AF:BD:F4,2025:02:27 14:14:26:100,-0.68,0.8,-12.46,0.06,-0.05
CC:7B:5C:AF:BD:F4,2025:02:27 14:14:26:200,-8.61,-34.62,195.28,0.18,0.04
CC:7B:5C:AF:BD:F4,2025:02:27 14:14:26:300,-639.55,117.41,640.98,-0.18,0.78
CC:7B:5C:AF:BD:F4,2025:02:27 14:14:26:400,-954.32,442.5,1509.55,-0.29,0.55
CC:7B:5C:AF:BD:F4,2025:02:27 14:14:26:500,122.33,162.89,-151.98,0.82,0.5
CC:7B:5C:AF:BD:F4,2025:02:27 14:14:26:600,1101.72,353.43,-129.65,-1.92,-1.24
CC:7B:5C:AF:BD:F4,2025:02:27 14:14:26:700,-37.66,173.44,-314.27,-2.64,0.1
CC:7B:5C:AF:BD:F4,2025:02:27 14:14:26:800,1.53,-25.3,-24.25,-0.81,0.04
CC:7B:5C:AF:BD:F4,2025:02:27 14:14:26:900,-11.18,109.73,75.11,-0.97,0.08
CC:7B:5C:AF:BD:F4,2025:02:27 14:14:27:000,6.99,-53.46,-14.74,-1.3,0.13
CC:7B:5C:AF:BD:F4,2025:02:27 14:14:27:100,-8.72,74.06,39.64,-1.08,0.1

CC:7B:5C:AF:BD:F4,2025:02:27 14:14:31:500,-0.26,0.83,-4.8,0.17,-0.05
CC:7B:5C:AF:BD:F4,2025:02:27 14:14:31:600,-0.03,0.12,-0.68,0.17,-0.05
CC:7B:5C:AF:BD:F4,2025:02:27 14:14:31:700,-0.64,2.1,-12.24,0.17,-0.05
CC:7B:5C:AF:BD:F4,2025:02:27 14:14:31:800,-0.63,1.92,-11.23,0.17,-0.06
CC:7B:5C:AF:BD:F4,2025:02:27 14:14:31:900,-0.89,2.77,-16.18,0.17,-0.05
CC:7B:5C:AF:BD:F4,2025:02:27 14:14:32:000,-0.81,3.18,-18.27,0.17,-0.04
CC:7B:5C:AF:BD:F4,2025:02:27 14:14:32:100,-0.58,2.15,-12.54,0.17,-0.05
CC:7B:5C:AF:BD:F4,2025:02:27 14:14:32:200,-0.08,0.33,-1.96,0.17,-0.04
CC:7B:5C:AF:BD:F4,2025:02:27 14:14:32:300,-0.36,1.46,-8.89,0.16,-0.04
CC:7B:5C:AF:BD:F4,2025:02:27 14:14:32:400,-14.74,-6.14,76.24,0.08,0.19
CC:7B:5C:AF:BD:F4,2025:02:27 14:14:32:500,-631.55,-16.17,888.13,0.02,0.62
CC:7B:5C:AF:BD:F4,2025:02:27 14:14:32:600,-737.15,199.63,973.28,-0.2,0.64
CC:7B:5C:AF:BD:F4,2025:02:27 14:14:32:700,19.07,5.31,-26.04,0.2,0.62
CC:7B:5C:AF:BD:F4,2025:02:27 14:14:32:800,43.23,9.15,-6.54,-2.19,-1.32
CC:7B:5C:AF:BD:F4,2025:02:27 14:14:32:900,186.66,380.26,-542.06,-2.53,-0.27
CC:7B:5C:AF:BD:F4,2025:02:27 14:14:33:000,51.09,-236.29,-69.58,-1.28,0.2
CC:7B:5C:AF:BD:F4,2025:02:27 14:14:33:100,-27.46,153.82,98.75,-1.0,0.15
CC:7B:5C:AF:BD:F4,2025:02:27 14:14:33:200,5.06,-24.62,-2.78,-1.46,0.2
CC:7B:5C:AF:BD:F4,2025:02:27 14:14:33:300,-6.52,39.6,11.2,-1.3,0.16
CC:7B:5C:AF:BD:F4,2025:02:27 14:14:33:400,-1.34,8.32,1.92,-1.34,0.16

CC:7B:5C:AF:BD:F4,2025:02:27 14:14:39:200,6.13,13.29,30.8,-0.41,-0.18
CC:7B:5C:AF:BD:F4,2025:02:27 14:14:39:300,-7.84,-14.98,-28.0,-0.49,-0.24
CC:7B:5C:AF:BD:F4,2025:02:27 14:14:39:400,-2.24,-4.41,-7.56,-0.53,-0.25
CC:7B:5C:AF:BD:F4,2025:02:27 14:14:39:500,-2.79,-6.48,-9.56,-0.6,-0.24
CC:7B:5C:AF:BD:F4,2025:02:27 14:14:39:600,4.12,8.01,15.5,-0.48,-0.23
CC:7B:5C:AF:BD:F4,2025:02:27 14:14:39:700,-0.17,-0.3,-0.64,-0.44,-0.24
CC:7B:5C:AF:BD:F4,2025:02:27 14:14:39:800,-6.46,-12.28,-22.11,-0.51,-0.25
CC:7B:5C:AF:BD:F4,2025:02:27 14:14:39:900,-1.73,-3.56,-5.87,-0.55,-0.25
CC:7B:5C:AF:BD:F4,2025:02:27 14:14:40:000,-0.02,-0.04,-0.07,-0.53,-0.23
CC:7B:5C:AF:BD:F4,2025:02:27 14:14:40:100,3.92,73.04,192.31,-0.36,-0.02
CC:7B:5C:AF:BD:F4,2025:02:27 14:14:40:200,-449.32,34.44,957.24,-0.04,0.44
CC:7B:5C:AF:BD:F4,2025:02:27 14:14:40:300,-324.66,282.47,424.09,-0.59,0.57
CC:7B:5C:AF:BD:F4,2025:02:27 14:14:40:400,-188.17,315.35,245.78,-0.91,0.44
CC:7B:5C:AF:BD:F4,2025:02:27 14:14:40:500,411.62,34.81,-133.17,-2.89,-1.25
CC:7B:5C:AF:BD:F4,2025:02:27 14:14:40:600,511.4,637.36,-831.69,-2.49,-0.45
CC:7B:5C:AF:BD:F4,2025:02:27 14:14:40:700,61.32,-279.29,-75.6,-1.31,0.21
CC:7B:5C:AF:BD:F4,2025:02:27 14:14:40:800,6.38,-73.43,4.46,-1.63,0.09
CC:7B:5C:AF:BD:F4,2025:02:27 14:14:40:900,-13.18,79.43,-42.47,-2.06,0.15
CC:7B:5C:AF:BD:F4,2025:02:27 14:14:41:000,-4.67,31.5,-11.17,-1.91,0.14
CC:7B:5C:AF:BD:F4,2025:02:27 14:14:41:100,-6.18,39.98,-15.34,-1.94,0.14

CC:7B:5C:AF:BD:F4,2025:02:27 14:14:45:400,-1.55,-2.98,-4.92,-0.54,-0.26
CC:7B:5C:AF:BD:F4,2025:02:27 14:14:45:500,-2.8,-5.3,-8.82,-0.54,-0.27
CC:7B:5C:AF:BD:F4,2025:02:27 14:14:45:600,-4.27,-8.15,-13.72,-0.54,-0.26
CC:7B:5C:AF:BD:F4,2025:02:27 14:14:45:700,-5.36,-9.97,-16.56,-0.54,-0.27
CC:7B:5C:AF:BD:F4,2025:02:27 14:14:45:800,-1.94,-3.63,-6.01,-0.54,-0.27
CC:7B:5C:AF:BD:F4,2025:02:27 14:14:45:900,-0.35,-0.66,-1.08,-0.55,-0.27
CC:7B:5C:AF:BD:F4,2025:02:27 14:14:46:000,-6.28,-11.78,-19.77,-0.54,-0.27
CC:7B:5C:AF:BD:F4,2025:02:27 14:14:46:100,-2.97,-5.74,-9.84,-0.53,-0.25
CC:7B:5C:AF:BD:F4,2025:02:27 14:14:46:200,7.17,15.53,26.73,-0.53,-0.23
CC:7B:5C:AF:BD:F4,2025:02:27 14:14:46:300,11.46,27.95,50.93,-0.5,-0.19
CC:7B:5C:AF:BD:F4,2025:02:27 14:14:46:400,-108.16,89.73,653.36,-0.14,0.16
CC:7B:5C:AF:BD:F4,2025:02:27 14:14:46:500,-290.52,79.2,536.12,-0.15,0.49
CC:7B:5C:AF:BD:F4,2025:02:27 14:14:46:600,-654.64,617.44,577.14,-0.82,0.66
CC:7B:5C:AF:BD:F4,2025:02:27 14:14:46:700,23.15,16.32,15.39,2.33,0.8
CC:7B:5C:AF:BD:F4,2025:02:27 14:14:46:800,1141.65,-102.97,-1354.63,3.07,-0.7
CC:7B:5C:AF:BD:F4,2025:02:27 14:14:46:900,231.23,-80.26,-177.87,-0.42,0.87
CC:7B:5C:AF:BD:F4,2025:02:27 14:14:47:000,-33.54,158.46,142.49,-0.84,0.16
CC:7B:5C:AF:BD:F4,2025:02:27 14:14:47:100,3.2,-13.96,4.33,-1.87,0.22
CC:7B:5C:AF:BD:F4,2025:02:27 14:14:47:200,-6.29,32.38,-0.26,-1.58,0.19
CC:7B:5C:AF:BD:F4,2025:02:27 14:14:47:300,-7.43,53.02,-2.8,-1.62,0.14

CC:7B:5C:AF:BD:F4,2025:02:27 14:14:52:000,-1.42,-3.33,-6.28,-0.49,-0.2
CC:7B:5C:AF:BD:F4,2025:02:27 14:14:52:100,-2.12,-4.91,-9.46,-0.48,-0.2
CC:7B:5C:AF:BD:F4,2025:02:27 14:14:52:200,-1.77,-4.06,-7.65,-0.49,-0.2
CC:7B:5C:AF:BD:F4,2025:02:27 14:14:52:300,-1.53,-3.47,-6.49,-0.49,-0.2
CC:7B:5C:AF:BD:F4,2025:02:27 14:14:52:400,-2.21,-5.28,-10.05,-0.48,-0.19
CC:7B:5C:AF:BD:F4,2025:02:27 14:14:52:500,-1.71,-3.89,-7.67,-0.47,-0.2
CC:7B:5C:AF:BD:F4,2025:02:27 14:14:52:600,-1.66,-4.12,-8.02,-0.47,-0.18
CC:7B:5C:AF:BD:F4,2025:02:27 14:14:52:700,-3.38,-9.27,-17.35,-0.49,-0.17
CC:7B:5C:AF:BD:F4,2025:02:27 14:14:52:800,-1.51,-5.47,-11.01,-0.46,-0.12
CC:7B:5C:AF:BD:F4,2025:02:27 14:14:52:900,11.53,135.17,451.33,-0.29,-0.02
CC:7B:5C:AF:BD:F4,2025:02:27 14:14:53:000,-513.77,21.13,767.29,-0.03,0.59
CC:7B:5C:AF:BD:F4,2025:02:27 14:14:53:100,-484.06,491.06,724.59,-0.6,0.51
CC:7B:5C:AF:BD:F4,2025:02:27 14:14:53:200,204.71,-119.02,-125.61,-0.76,0.87
CC:7B:5C:AF:BD:F4,2025:02:27 14:14:53:300,340.91,145.87,-39.93,-1.84,-1.15
CC:7B:5C:AF:BD:F4,2025:02:27 14:14:53:400,40.87,110.94,-78.39,-2.19,-0.29
CC:7B:5C:AF:BD:F4,2025:02:27 14:14:53:500,16.21,-193.75,-32.66,-1.4,0.08
CC:7B:5C:AF:BD:F4,2025:02:27 14:14:53:600,2.31,-19.15,-3.11,-1.41,0.12
CC:7B:5C:AF:BD:F4,2025:02:27 14:14:53:700,4.13,-30.65,2.56,-1.65,0.13
CC:7B:5C:AF:BD:F4,2025:02:27 14:14:53:800,-5.11,52.3,4.46,-1.49,0.1
CC:7B:5C:AF:BD:F4,2025:02:27 14:14:53:900,-6.11,61.35,-3.31,-1.62,0.1
CC:7B:5C:AF:BD:F4,2025:02:27 14:14:54:000,-6.5,54.43,1.51,-1.54,0.12

CC:7B:5C:AF:BD:F4,2025:02:27 14:15:00:900,-2.17,-4.02,-9.7,-0.39,-0.2
CC:7B:5C:AF:BD:F4,2025:02:27 14:15:01:000,-2.01,-3.76,-8.96,-0.4,-0.2
CC:7B:5C:AF:BD:F4,2025:02:27 14:15:01:100,-1.6,-2.81,-6.74,-0.39,-0.22
CC:7B:5C:AF:BD:F4,2025:02:27 14:15:01:200,-3.29,-6.0,-14.23,-0.4,-0.21
CC:7B:5C:AF:BD:F4,2025:02:27 14:15:01:300,-1.35,-2.48,-5.9,-0.4,-0.21
CC:7B:5C:AF:BD:F4,2025:02:27 14:15:01:400,-1.68,-3.15,-7.57,-0.39,-0.2
CC:7B:5C:AF:BD:F4,2025:02:27 14:15:01:500,-2.11,-3.87,-9.33,-0.39,-0.21
CC:7B:5C:AF:BD:F4,2025:02:27 14:15:01:600,0.49,0.87,2.13,-0.39,-0.21
CC:7B:5C:AF:BD:F4,2025:02:27 14:15:01:700,-1.21,-2.19,-5.26,-0.39,-0.21
CC:7B:5C:AF:BD:F4,2025:02:27 14:15:01:800,36.6,37.69,275.68,-0.14,-0.13
CC:7B:5C:AF:BD:F4,2025:02:27 14:15:01:900,-360.08,-8.55,735.02,0.01,0.46
CC:7B:5C:AF:BD:F4,2025:02:27 14:15:02:000,-726.79,660.42,753.34,-0.72,0.63
CC:7B:5C:AF:BD:F4,2025:02:27 14:15:02:100,18.82,4.37,-22.48,0.19,0.69
CC:7B:5C:AF:BD:F4,2025:02:27 14:15:02:200,397.09,100.74,-71.37,-2.19,-1.27
CC:7B:5C:AF:BD:F4,2025:02:27 14:15:02:300,50.2,118.38,-226.43,-2.66,-0.19
CC:7B:5C:AF:BD:F4,2025:02:27 14:15:02:400,1.97,-135.95,-36.36,-1.31,0.01
CC:7B:5C:AF:BD:F4,2025:02:27 14:15:02:500,-3.92,98.7,37.45,-1.21,0.04
CC:7B:5C:AF:BD:F4,2025:02:27 14:15:02:600,-2.59,27.31,-4.27,-1.73,0.09
CC:7B:5C:AF:BD:F4,2025:02:27 14:15:02:700,-2.44,36.5,2.48,-1.5,0.07

CC:7B:5C:AF:BD:F4,2025:02:27 14:15:09:200,-0.63,-3.5,-7.23,-0.45,-0.08
CC:7B:5C:AF:BD:F4,2025:02:27 14:15:09:300,-1.17,-6.99,-14.51,-0.45,-0.07
CC:7B:5C:AF:BD:F4,2025:02:27 14:15:09:400,-0.6,-4.14,-8.63,-0.45,-0.06
CC:7B:5C:AF:BD:F4,2025:02:27 14:15:09:500,-0.09,-0.49,-1.03,-0.44,-0.08
CC:7B:5C:AF:BD:F4,2025:02:27 14:15:09:600,-0.06,-0.29,-0.59,-0.45,-0.09
CC:7B:5C:AF:BD:F4,2025:02:27 14:15:09:700,-1.21,-6.15,-12.77,-0.45,-0.09
CC:7B:5C:AF:BD:F4,2025:02:27 14:15:09:800,-0.69,-3.83,-8.08,-0.44,-0.08
CC:7B:5C:AF:BD:F4,2025:02:27 14:15:09:900,-0.17,-0.92,-1.89,-0.45,-0.08
CC:7B:5C:AF:BD:F4,2025:02:27 14:15:10:000,-0.18,-0.93,-2.02,-0.43,-0.08
CC:7B:5C:AF:BD:F4,2025:02:27 14:15:10:100,-0.45,-4.74,-10.0,-0.44,-0.04
CC:7B:5C:AF:BD:F4,2025:02:27 14:15:10:200,-26.51,63.4,227.66,-0.27,0.11
CC:7B:5C:AF:BD:F4,2025:02:27 14:15:10:300,-519.74,54.04,716.17,-0.08,0.63
CC:7B:5C:AF:BD:F4,2025:02:27 14:15:10:400,-945.28,619.17,1098.85,-0.51,0.64
CC:7B:5C:AF:BD:F4,2025:02:27 14:15:10:500,120.89,114.54,-80.29,0.96,0.71
CC:7B:5C:AF:BD:F4,2025:02:27 14:15:10:600,645.51,112.06,-306.38,-2.79,-1.1
CC:7B:5C:AF:BD:F4,2025:02:27 14:15:10:700,-0.89,19.92,-55.64,-2.8,0.02
CC:7B:5C:AF:BD:F4,2025:02:27 14:15:10:800,1.14,-19.19,-18.14,-0.81,0.04
CC:7B:5C:AF:BD:F4,2025:02:27 14:15:10:900,-7.92,55.25,8.83,-1.41,0.14
CC:7B:5C:AF:BD:F4,2025:02:27 14:15:11:000,-10.2,58.87,-12.9,-1.79,0.17
CC:7B:5C:AF:BD:F4,2025:02:27 14:15:11:100,-4.07,30.84,0.66,-1.55,0.13

CC:7B:5C:AF:BD:F4,2025:02:27 14:15:15:500,-2.64,-7.63,-13.51,-0.51,-0.17
CC:7B:5C:AF:BD:F4,2025:02:27 14:15:15:600,-1.42,-3.9,-6.93,-0.51,-0.18
CC:7B:5C:AF:BD:F4,2025:02:27 14:15:15:700,-2.77,-7.9,-14.25,-0.51,-0.17
CC:7B:5C:AF:BD:F4,2025:02:27 14:15:15:800,-1.1,-3.03,-5.52,-0.5,-0.17
CC:7B:5C:AF:BD:F4,2025:02:27 14:15:15:900,-1.15,-3.25,-5.89,-0.5,-0.17
CC:7B:5C:AF:BD:F4,2025:02:27 14:15:16:000,-1.37,-3.65,-6.6,-0.51,-0.18
CC:7B:5C:AF:BD:F4,2025:02:27 14:15:16:100,-0.56,-1.5,-2.71,-0.51,-0.18
CC:7B:5C:AF:BD:F4,2025:02:27 14:15:16:200,-0.45,-1.21,-2.16,-0.51,-0.18
CC:7B:5C:AF:BD:F4,2025:02:27 14:15:16:300,-1.42,-3.94,-7.16,-0.5,-0.17
CC:7B:5C:AF:BD:F4,2025:02:27 14:15:16:400,0.17,0.64,1.15,-0.51,-0.13
CC:7B:5C:AF:BD:F4,2025:02:27 14:15:16:500,-56.88,140.57,396.1,-0.34,0.13
CC:7B:5C:AF:BD:F4,2025:02:27 14:15:16:600,-602.02,346.39,929.07,-0.36,0.55
CC:7B:5C:AF:BD:F4,2025:02:27 14:15:16:700,-608.56,400.05,678.4,-0.53,0.66
CC:7B:5C:AF:BD:F4,2025:02:27 14:15:16:800,410.81,139.55,429.63,2.83,0.74
CC:7B:5C:AF:BD:F4,2025:02:27 14:15:16:900,443.79,12.66,-271.0,-3.09,-1.02
CC:7B:5C:AF:BD:F4,2025:02:27 14:15:17:000,1.75,-152.48,209.48,-2.51,0.01
CC:7B:5C:AF:BD:F4,2025:02:27 14:15:17:100,8.32,103.07,86.66,-0.87,-0.06
CC:7B:5C:AF:BD:F4,2025:02:27 14:15:17:200,2.26,-29.91,-2.01,-1.5,0.08
CC:7B:5C:AF:BD:F4,2025:02:27 14:15:17:300,-1.62,6.64,-0.63,-1.66,0.24
CC:7B:5C:AF:BD:F4,2025:02:27 14:15:17:400,-0.77,4.47,-0.05,-1.58,0.17

CC:7B:5C:AF:BD:F4,2025:02:27 14:15:21:400,0.59,1.08,3.88,-0.27,-0.14
CC:7B:5C:AF:BD:F4,2025:02:27 14:15:21:500,0.29,0.5,1.78,-0.27,-0.15
CC:7B:5C:AF:BD:F4,2025:02:27 14:15:21:600,-1.17,-2.06,-7.31,-0.27,-0.15
CC:7B:5C:AF:BD:F4,2025:02:27 14:15:21:700,-0.99,-1.79,-6.47,-0.27,-0.15
CC:7B:5C:AF:BD:F4,2025:02:27 14:15:21:800,-1.71,-3.07,-11.38,-0.26,-0.14
CC:7B:5C:AF:BD:F4,2025:02:27 14:15:21:900,-0.98,-1.72,-6.4,-0.26,-0.15
CC:7B:5C:AF:BD:F4,2025:02:27 14:15:22:000,-1.56,-2.94,-10.67,-0.27,-0.14
CC:7B:5C:AF:BD:F4,2025:02:27 14:15:22:100,-0.11,-0.19,-0.71,-0.26,-0.14
CC:7B:5C:AF:BD:F4,2025:02:27 14:15:22:200,-0.96,-1.85,-6.85,-0.26,-0.13
CC:7B:5C:AF:BD:F4,2025:02:27 14:15:22:300,-1.14,-2.38,-8.68,-0.27,-0.13
CC:7B:5C:AF:BD:F4,2025:02:27 14:15:22:400,9.89,39.24,193.23,-0.2,-0.05
CC:7B:5C:AF:BD:F4,2025:02:27 14:15:22:500,-555.68,111.03,846.89,-0.13,0.58
CC:7B:5C:AF:BD:F4,2025:02:27 14:15:22:600,-685.37,412.37,1081.1,-0.36,0.53
CC:7B:5C:AF:BD:F4,2025:02:27 14:15:22:700,129.14,43.05,-168.05,0.25,0.64
CC:7B:5C:AF:BD:F4,2025:02:27 14:15:22:800,-384.88,-60.0,7.66,-1.7,-1.41
CC:7B:5C:AF:BD:F4,2025:02:27 14:15:22:900,-1.06,12.33,-18.32,-2.55,0.05
CC:7B:5C:AF:BD:F4,2025:02:27 14:15:23:000,46.49,-263.17,-19.4,-1.5,0.17
CC:7B:5C:AF:BD:F4,2025:02:27 14:15:23:100,-28.49,173.07,127.13,-0.94,0.13
CC:7B:5C:AF:BD:F4,2025:02:27 14:15:23:200,5.34,-23.83,-1.1,-1.52,0.22
CC:7B:5C:AF:BD:F4,2025:02:27 14:15:23:300,-4.52,30.02,8.53,-1.29,0.14

CC:7B:5C:AF:BD:F4,2025:02:27 14:15:27:700,-1.25,-3.31,-9.02,-0.35,-0.13
CC:7B:5C:AF:BD:F4,2025:02:27 14:15:27:800,-0.1,-0.26,-0.73,-0.34,-0.13
CC:7B:5C:AF:BD:F4,2025:02:27 14:15:27:900,-1.17,-2.93,-8.05,-0.35,-0.14
CC:7B:5C:AF:BD:F4,2025:02:27 14:15:28:000,-1.96,-4.87,-13.55,-0.34,-0.14
CC:7B:5C:AF:BD:F4,2025:02:27 14:15:28:100,-2.01,-4.96,-13.87,-0.34,-0.14
CC:7B:5C:AF:BD:F4,2025:02:27 14:15:28:200,-1.84,-4.75,-13.1,-0.35,-0.13
CC:7B:5C:AF:BD:F4,2025:02:27 14:15:28:300,-0.46,-1.2,-3.35,-0.34,-0.13
CC:7B:5C:AF:BD:F4,2025:02:27 14:15:28:400,-0.42,-1.84,-5.1,-0.35,-0.08
CC:7B:5C:AF:BD:F4,2025:02:27 14:15:28:500,-49.22,47.56,216.51,-0.22,0.22
CC:7B:5C:AF:BD:F4,2025:02:27 14:15:28:600,-746.71,144.03,1223.66,-0.12,0.54
CC:7B:5C:AF:BD:F4,2025:02:27 14:15:28:700,-663.71,415.67,1070.82,-0.37,0.52
CC:7B:5C:AF:BD:F4,2025:02:27 14:15:28:800,-87.26,265.76,-342.71,0.66,-0.2
CC:7B:5C:AF:BD:F4,2025:02:27 14:15:28:900,230.48,55.55,-67.01,-2.45,-1.21
CC:7B:5C:AF:BD:F4,2025:02:27 14:15:29:000,12.29,235.93,-357.04,-2.56,-0.03
CC:7B:5C:AF:BD:F4,2025:02:27 14:15:29:100,-0.59,15.08,10.04,-0.98,0.03
CC:7B:5C:AF:BD:F4,2025:02:27 14:15:29:200,0.98,-6.38,-2.4,-1.21,0.14
CC:7B:5C:AF:BD:F4,2025:02:27 14:15:29:300,6.41,-32.84,-1.21,-1.53,0.19
CC:7B:5C:AF:BD:F4,2025:02:27 14:15:29:400,-6.5,55.14,14.03,-1.32,0.11
CC:7B:5C:AF:BD:F4,2025:02:27 14:15:29:500,-2.47,17.33,3.51,-1.37,0.14
CC:7B:5C:AF:BD:F4,2025:02:27 14:15:29:600,0.91,-6.31,-1.28,-1.37,0.14

CC:7B:5C:AF:BD:F4,2025:02:27 14:15:34:900,-1.44,-3.35,-8.67,-0.37,-0.15
CC:7B:5C:AF:BD:F4,2025:02:27 14:15:35:000,-1.29,-3.14,-8.04,-0.37,-0.15
CC:7B:5C:AF:BD:F4,2025:02:27 14:15:35:100,-0.1,-0.26,-0.67,-0.37,-0.15
CC:7B:5C:AF:BD:F4,2025:02:27 14:15:35:200,-1.39,-3.19,-8.5,-0.36,-0.15
CC:7B:5C:AF:BD:F4,2025:02:27 14:15:35:300,-2.48,-6.12,-15.82,-0.37,-0.14
CC:7B:5C:AF:BD:F4,2025:02:27 14:15:35:400,-1.78,-4.22,-10.83,-0.37,-0.15
CC:7B:5C:AF:BD:F4,2025:02:27 14:15:35:500,-0.66,-1.62,-4.21,-0.37,-0.15
CC:7B:5C:AF:BD:F4,2025:02:27 14:15:35:600,-1.86,-4.95,-12.87,-0.37,-0.13
CC:7B:5C:AF:BD:F4,2025:02:27 14:15:35:700,0.69,29.83,78.0,-0.37,-0.01
CC:7B:5C:AF:BD:F4,2025:02:27 14:15:35:800,-714.59,231.65,1033.19,-0.22,0.59
CC:7B:5C:AF:BD:F4,2025:02:27 14:15:35:900,-1007.57,923.37,1613.87,-0.52,0.5
CC:7B:5C:AF:BD:F4,2025:02:27 14:15:36:000,-118.72,-12.63,-6.93,-1.07,-1.45
CC:7B:5C:AF:BD:F4,2025:02:27 14:15:36:100,531.91,47.38,-145.36,-2.83,-1.29
CC:7B:5C:AF:BD:F4,2025:02:27 14:15:36:200,8.33,-120.38,123.09,-2.37,0.05
CC:7B:5C:AF:BD:F4,2025:02:27 14:15:36:300,12.13,-121.6,-31.48,-1.32,0.1
CC:7B:5C:AF:BD:F4,2025:02:27 14:15:36:400,-14.22,78.66,21.48,-1.3,0.17
CC:7B:5C:AF:BD:F4,2025:02:27 14:15:36:500,-6.09,27.93,-0.03,-1.57,0.21
CC:7B:5C:AF:BD:F4,2025:02:27 14:15:36:600,-17.98,90.17,11.71,-1.44,0.2
CC:7B:5C:AF:BD:F4,2025:02:27 14:15:36:700,4.22,-21.18,-2.31,-1.46,0.2
CC:7B:5C:AF:BD:F4,2025:02:27 14:15:36:800,-7.39,43.45,10.99,-1.32,0.16

CC:7B:5C:AF:BD:F4,2025:02:27 14:15:48:600,-1.67,-1.84,-12.37,-0.15,-0.13
CC:7B:5C:AF:BD:F4,2025:02:27 14:15:48:700,-1.55,-1.73,-10.89,-0.16,-0.14
CC:7B:5C:AF:BD:F4,2025:02:27 14:15:48:800,-0.84,-0.89,-5.72,-0.16,-0.14
CC:7B:5C:AF:BD:F4,2025:02:27 14:15:48:900,-1.49,-1.69,-10.43,-0.16,-0.14
CC:7B:5C:AF:BD:F4,2025:02:27 14:15:49:000,-1.42,-1.58,-10.28,-0.15,-0.14
CC:7B:5C:AF:BD:F4,2025:02:27 14:15:49:100,-1.63,-2.01,-12.61,-0.16,-0.13
CC:7B:5C:AF:BD:F4,2025:02:27 14:15:49:200,-0.95,-1.15,-7.69,-0.15,-0.12
CC:7B:5C:AF:BD:F4,2025:02:27 14:15:49:300,1.41,2.13,14.07,-0.15,-0.1
CC:7B:5C:AF:BD:F4,2025:02:27 14:15:49:400,-2.15,19.1,166.59,-0.11,0.01
CC:7B:5C:AF:BD:F4,2025:02:27 14:15:49:500,-206.21,103.83,517.7,-0.2,0.37
CC:7B:5C:AF:BD:F4,2025:02:27 14:15:49:600,-686.0,409.79,1030.69,-0.38,0.55
CC:7B:5C:AF:BD:F4,2025:02:27 14:15:49:700,87.02,-13.55,-56.41,-0.24,0.98
CC:7B:5C:AF:BD:F4,2025:02:27 14:15:49:800,-35.63,-25.6,10.79,-1.97,-0.91
CC:7B:5C:AF:BD:F4,2025:02:27 14:15:49:900,-23.57,-65.18,54.9,-2.27,-0.27
CC:7B:5C:AF:BD:F4,2025:02:27 14:15:50:000,15.11,-185.99,-144.05,-0.91,0.06
CC:7B:5C:AF:BD:F4,2025:02:27 14:15:50:100,-31.61,114.3,55.59,-1.12,0.24
CC:7B:5C:AF:BD:F4,2025:02:27 14:15:50:200,-8.25,34.94,3.34,-1.48,0.23
CC:7B:5C:AF:BD:F4,2025:02:27 14:15:50:300,-18.17,83.63,24.88,-1.28,0.21
CC:7B:5C:AF:BD:F4,2025:02:27 14:15:50:400,-1.12,4.94,1.4,-1.3,0.22
CC:7B:5C:AF:BD:F4,2025:02:27 14:15:50:500,1.49,-5.76,-1.65,-1.29,0.24

CC:7B:5C:AF:BD:F4,2025:02:27 14:15:55:700,-1.43,-0.16,-9.32,-0.02,-0.15
CC:7B:5C:AF:BD:F4,2025:02:27 14:15:55:800,0.3,-0.01,1.84,0.0,-0.16
CC:7B:5C:AF:BD:F4,2025:02:27 14:15:55:900,-11.47,-3.8,-76.86,-0.05,-0.15
CC:7B:5C:AF:BD:F4,2025:02:27 14:15:56:000,-5.82,-2.96,-35.58,-0.08,-0.16
CC:7B:5C:AF:BD:F4,2025:02:27 14:15:56:100,-4.05,-1.24,-26.44,-0.05,-0.15
CC:7B:5C:AF:BD:F4,2025:02:27 14:15:56:200,-3.63,-1.35,-26.48,-0.05,-0.14
CC:7B:5C:AF:BD:F4,2025:02:27 14:15:56:300,0.69,0.37,5.0,-0.07,-0.14
CC:7B:5C:AF:BD:F4,2025:02:27 14:15:56:400,-0.24,-0.1,-1.65,-0.06,-0.14
CC:7B:5C:AF:BD:F4,2025:02:27 14:15:56:500,0.71,0.33,5.18,-0.06,-0.14
CC:7B:5C:AF:BD:F4,2025:02:27 14:15:56:600,-8.03,10.65,210.99,-0.05,0.04
CC:7B:5C:AF:BD:F4,2025:02:27 14:15:56:700,-254.28,71.98,709.84,-0.1,0.34
CC:7B:5C:AF:BD:F4,2025:02:27 14:15:56:800,-418.91,318.47,872.65,-0.35,0.42
CC:7B:5C:AF:BD:F4,2025:02:27 14:15:56:900,150.65,-27.74,-256.92,-0.11,0.53
CC:7B:5C:AF:BD:F4,2025:02:27 14:15:57:000,31.29,20.81,1.78,-1.49,-0.98
CC:7B:5C:AF:BD:F4,2025:02:27 14:15:57:100,17.29,-131.52,102.16,-2.23,0.1
CC:7B:5C:AF:BD:F4,2025:02:27 14:15:57:200,22.36,-107.6,-54.36,-1.1,0.18
CC:7B:5C:AF:BD:F4,2025:02:27 14:15:57:300,-11.24,48.25,26.09,-1.08,0.2
CC:7B:5C:AF:BD:F4,2025:02:27 14:15:57:400,5.74,-22.5,-9.22,-1.18,0.23
CC:7B:5C:AF:BD:F4,2025:02:27 14:15:57:500,-2.61,10.96,4.33,-1.19,0.22
CC:7B:5C:AF:BD:F4,2025:02:27 14:15:57:600,-0.18,0.81,0.35,-1.16,0.21

CC:7B:5C:AF:BD:F4,2025:02:27 14:16:02:400,-0.64,-0.84,-2.9,-0.28,-0.21
CC:7B:5C:AF:BD:F4,2025:02:27 14:16:02:500,-1.57,-1.98,-6.88,-0.28,-0.22
CC:7B:5C:AF:BD:F4,2025:02:27 14:16:02:600,-3.28,-4.1,-14.23,-0.28,-0.22
CC:7B:5C:AF:BD:F4,2025:02:27 14:16:02:700,-3.74,-4.88,-16.58,-0.29,-0.21
CC:7B:5C:AF:BD:F4,2025:02:27 14:16:02:800,-3.58,-4.53,-15.72,-0.28,-0.22
CC:7B:5C:AF:BD:F4,2025:02:27 14:16:02:900,-2.27,-2.89,-10.24,-0.28,-0.21
CC:7B:5C:AF:BD:F4,2025:02:27 14:16:03:000,-1.6,-2.06,-7.27,-0.28,-0.21
CC:7B:5C:AF:BD:F4,2025:02:27 14:16:03:100,-1.98,-2.59,-9.25,-0.27,-0.2
CC:7B:5C:AF:BD:F4,2025:02:27 14:16:03:200,-1.54,-2.1,-7.41,-0.28,-0.2
CC:7B:5C:AF:BD:F4,2025:02:27 14:16:03:300,-3.63,-5.06,-17.39,-0.28,-0.2
CC:7B:5C:AF:BD:F4,2025:02:27 14:16:03:400,17.48,34.34,176.91,-0.19,-0.1
CC:7B:5C:AF:BD:F4,2025:02:27 14:16:03:500,-223.54,250.18,698.57,-0.34,0.29
CC:7B:5C:AF:BD:F4,2025:02:27 14:16:03:600,-451.37,381.64,972.47,-0.37,0.41
CC:7B:5C:AF:BD:F4,2025:02:27 14:16:03:700,30.22,-2.07,-110.29,-0.02,0.27
CC:7B:5C:AF:BD:F4,2025:02:27 14:16:03:800,43.64,9.91,-17.62,-2.63,-1.14
CC:7B:5C:AF:BD:F4,2025:02:27 14:16:03:900,-19.28,140.28,-267.31,-2.66,0.06
CC:7B:5C:AF:BD:F4,2025:02:27 14:16:04:000,6.26,-32.01,-21.45,-0.98,0.16
CC:7B:5C:AF:BD:F4,2025:02:27 14:16:04:100,13.21,-57.95,-0.57,-1.56,0.22
CC:7B:5C:AF:BD:F4,2025:02:27 14:16:04:200,-0.73,2.69,-0.06,-1.59,0.26
CC:7B:5C:AF:BD:F4,2025:02:27 14:16:04:300,-7.67,32.38,1.03,-1.54,0.23

CC:7B:5C:AF:BD:F4,2025:02:27 14:16:09:000,-4.29,-3.08,-13.17,-0.23,-0.31
CC:7B:5C:AF:BD:F4,2025:02:27 14:16:09:100,-3.74,-2.58,-11.05,-0.23,-0.32
CC:7B:5C:AF:BD:F4,2025:02:27 14:16:09:200,-3.45,-2.46,-10.34,-0.23,-0.31
CC:7B:5C:AF:BD:F4,2025:02:27 14:16:09:300,-3.34,-2.4,-10.19,-0.23,-0.31
CC:7B:5C:AF:BD:F4,2025:02:27 14:16:09:400,-4.2,-2.98,-12.92,-0.23,-0.31
CC:7B:5C:AF:BD:F4,2025:02:27 14:16:09:500,-2.3,-1.58,-6.9,-0.23,-0.31
CC:7B:5C:AF:BD:F4,2025:02:27 14:16:09:600,-3.72,-2.7,-11.41,-0.23,-0.31
CC:7B:5C:AF:BD:F4,2025:02:27 14:16:09:700,-3.34,-2.37,-10.22,-0.23,-0.31
CC:7B:5C:AF:BD:F4,2025:02:27 14:16:09:800,-2.1,-1.55,-6.58,-0.23,-0.3
CC:7B:5C:AF:BD:F4,2025:02:27 14:16:09:900,10.56,11.96,57.01,-0.21,-0.18
CC:7B:5C:AF:BD:F4,2025:02:27 14:16:10:000,-44.09,64.19,539.27,-0.12,0.08
CC:7B:5C:AF:BD:F4,2025:02:27 14:16:10:100,-242.57,304.9,725.9,-0.4,0.3
CC:7B:5C:AF:BD:F4,2025:02:27 14:16:10:200,-293.07,393.35,1141.27,-0.33,0.24
CC:7B:5C:AF:BD:F4,2025:02:27 14:16:10:300,-203.73,49.15,-93.53,0.48,-1.09
CC:7B:5C:AF:BD:F4,2025:02:27 14:16:10:400,12.95,127.36,-243.7,-2.66,-0.05
CC:7B:5C:AF:BD:F4,2025:02:27 14:16:10:500,212.37,-343.64,-52.23,-1.42,0.55
CC:7B:5C:AF:BD:F4,2025:02:27 14:16:10:600,-63.2,141.4,93.04,-0.99,0.36
CC:7B:5C:AF:BD:F4,2025:02:27 14:16:10:700,-4.25,10.76,-1.17,-1.68,0.37
CC:7B:5C:AF:BD:F4,2025:02:27 14:16:10:800,-8.79,28.44,2.67,-1.48,0.3
CC:7B:5C:AF:BD:F4,2025:02:27 14:16:10:900,-10.62,34.21,0.83,-1.55,0.3

CC:7B:5C:AF:BD:F4,2025:02:27 14:16:16:200,-3.64,-5.07,-12.81,-0.38,-0.26
CC:7B:5C:AF:BD:F4,2025:02:27 14:16:16:300,-2.65,-3.62,-9.39,-0.37,-0.26
CC:7B:5C:AF:BD:F4,2025:02:27 14:16:16:400,-3.4,-4.64,-12.17,-0.36,-0.26
CC:7B:5C:AF:BD:F4,2025:02:27 14:16:16:500,0.4,0.55,1.41,-0.37,-0.26
CC:7B:5C:AF:BD:F4,2025:02:27 14:16:16:600,-2.72,-3.78,-9.71,-0.37,-0.26
CC:7B:5C:AF:BD:F4,2025:02:27 14:16:16:700,-3.97,-5.51,-13.94,-0.38,-0.26
CC:7B:5C:AF:BD:F4,2025:02:27 14:16:16:800,-3.94,-5.67,-14.46,-0.37,-0.25
CC:7B:5C:AF:BD:F4,2025:02:27 14:16:16:900,-3.34,-4.73,-12.27,-0.37,-0.25
CC:7B:5C:AF:BD:F4,2025:02:27 14:16:17:000,0.08,0.12,0.3,-0.37,-0.25
CC:7B:5C:AF:BD:F4,2025:02:27 14:16:17:100,11.42,22.97,67.77,-0.33,-0.16
CC:7B:5C:AF:BD:F4,2025:02:27 14:16:17:200,-143.74,149.77,839.25,-0.18,0.17
CC:7B:5C:AF:BD:F4,2025:02:27 14:16:17:300,-321.27,417.74,542.63,-0.66,0.44
CC:7B:5C:AF:BD:F4,2025:02:27 14:16:17:400,-132.65,104.53,267.46,-0.37,0.43
CC:7B:5C:AF:BD:F4,2025:02:27 14:16:17:500,-361.4,-51.74,-244.59,-0.21,-0.97
CC:7B:5C:AF:BD:F4,2025:02:27 14:16:17:600,-76.59,-183.15,346.98,-2.66,-0.19
CC:7B:5C:AF:BD:F4,2025:02:27 14:16:17:700,50.44,-239.86,72.06,-1.86,0.2
CC:7B:5C:AF:BD:F4,2025:02:27 14:16:17:800,-14.76,58.65,33.66,-1.05,0.21
CC:7B:5C:AF:BD:F4,2025:02:27 14:16:17:900,-6.46,24.38,6.66,-1.3,0.25
CC:7B:5C:AF:BD:F4,2025:02:27 14:16:18:000,-7.66,29.75,9.84,-1.25,0.24
CC:7B:5C:AF:BD:F4,2025:02:27 14:16:18:100,1.75,-5.94,-1.54,-1.32,0.28

CC:7B:5C:AF:BD:F4,2025:02:27 14:16:23:300,1.02,1.55,3.99,-0.37,-0.23
CC:7B:5C:AF:BD:F4,2025:02:27 14:16:23:400,-2.89,-4.4,-11.28,-0.37,-0.23
CC:7B:5C:AF:BD:F4,2025:02:27 14:16:23:500,-5.27,-7.46,-18.96,-0.37,-0.25
CC:7B:5C:AF:BD:F4,2025:02:27 14:16:23:600,-4.71,-6.68,-17.09,-0.37,-0.25
CC:7B:5C:AF:BD:F4,2025:02:27 14:16:23:700,-1.79,-2.53,-6.45,-0.37,-0.25
CC:7B:5C:AF:BD:F4,2025:02:27 14:16:23:800,-1.9,-2.75,-6.91,-0.38,-0.25
CC:7B:5C:AF:BD:F4,2025:02:27 14:16:23:900,-1.29,-1.94,-4.83,-0.38,-0.24
CC:7B:5C:AF:BD:F4,2025:02:27 14:16:24:000,-1.72,-2.57,-6.57,-0.37,-0.24
CC:7B:5C:AF:BD:F4,2025:02:27 14:16:24:100,-1.15,-1.74,-4.5,-0.37,-0.23
CC:7B:5C:AF:BD:F4,2025:02:27 14:16:24:200,8.7,72.17,235.49,-0.3,-0.04
CC:7B:5C:AF:BD:F4,2025:02:27 14:16:24:300,-312.29,196.29,911.08,-0.21,0.32
CC:7B:5C:AF:BD:F4,2025:02:27 14:16:24:400,-521.85,487.91,1151.3,-0.4,0.4
CC:7B:5C:AF:BD:F4,2025:02:27 14:16:24:500,-35.04,70.89,-197.05,0.35,-0.17
CC:7B:5C:AF:BD:F4,2025:02:27 14:16:24:600,-427.11,182.43,228.58,2.47,-0.97
CC:7B:5C:AF:BD:F4,2025:02:27 14:16:24:700,-75.45,111.15,-179.46,-2.59,0.34
CC:7B:5C:AF:BD:F4,2025:02:27 14:16:24:800,4.89,-20.66,-9.02,-1.16,0.21
CC:7B:5C:AF:BD:F4,2025:02:27 14:16:24:900,-2.84,9.66,0.08,-1.56,0.29
CC:7B:5C:AF:BD:F4,2025:02:27 14:16:25:000,1.77,-5.96,0.26,-1.61,0.29
CC:7B:5C:AF:BD:F4,2025:02:27 14:16:25:100,-12.32,43.77,2.4,-1.52,0.27
CC:7B:5C:AF:BD:F4,2025:02:27 14:16:25:200,-4.17,14.25,-0.06,-1.57,0.28

CC:7B:5C:AF:BD:F4,2025:02:27 14:16:30:500,-0.05,-0.08,-0.2,-0.37,-0.23
CC:7B:5C:AF:BD:F4,2025:02:27 14:16:30:600,-3.4,-5.3,-13.34,-0.38,-0.23
CC:7B:5C:AF:BD:F4,2025:02:27 14:16:30:700,-0.74,-1.14,-2.92,-0.37,-0.23
CC:7B:5C:AF:BD:F4,2025:02:27 14:16:30:800,1.87,2.95,7.73,-0.36,-0.22
CC:7B:5C:AF:BD:F4,2025:02:27 14:16:30:900,1.05,1.78,4.64,-0.37,-0.21
CC:7B:5C:AF:BD:F4,2025:02:27 14:16:31:000,-0.75,-1.23,-3.15,-0.37,-0.22
CC:7B:5C:AF:BD:F4,2025:02:27 14:16:31:100,-7.06,-11.58,-29.72,-0.37,-0.22
CC:7B:5C:AF:BD:F4,2025:02:27 14:16:31:200,-2.64,-4.79,-12.26,-0.37,-0.2
CC:7B:5C:AF:BD:F4,2025:02:27 14:16:31:300,9.02,39.56,114.99,-0.33,-0.07
CC:7B:5C:AF:BD:F4,2025:02:27 14:16:31:400,-223.64,178.66,692.78,-0.25,0.3
CC:7B:5C:AF:BD:F4,2025:02:27 14:16:31:500,-314.06,550.9,887.39,-0.56,0.29
CC:7B:5C:AF:BD:F4,2025:02:27 14:16:31:600,49.77,-4.42,-58.52,-0.08,0.7
CC:7B:5C:AF:BD:F4,2025:02:27 14:16:31:700,-93.99,-18.52,-8.83,-1.13,-1.36
CC:7B:5C:AF:BD:F4,2025:02:27 14:16:31:800,5.3,224.62,-282.43,-2.47,-0.01
CC:7B:5C:AF:BD:F4,2025:02:27 14:16:31:900,36.14,-93.57,17.11,-1.75,0.36
CC:7B:5C:AF:BD:F4,2025:02:27 14:16:32:000,15.37,-47.74,-0.9,-1.55,0.31
CC:7B:5C:AF:BD:F4,2025:02:27 14:16:32:100,6.84,-21.1,3.28,-1.72,0.31
CC:7B:5C:AF:BD:F4,2025:02:27 14:16:32:200,-14.78,50.42,-0.6,-1.58,0.29
CC:7B:5C:AF:BD:F4,2025:02:27 14:16:32:300,-6.09,20.34,-1.5,-1.64,0.29
CC:7B:5C:AF:BD:F4,2025:02:27 14:16:32:400,-6.25,21.27,-0.85,-1.61,0.29

CC:7B:5C:AF:BD:F4,2025:02:27 14:16:38:100,-1.5,-1.59,-7.78,-0.2,-0.19
CC:7B:5C:AF:BD:F4,2025:02:27 14:16:38:200,-1.4,-1.37,-6.58,-0.21,-0.2
CC:7B:5C:AF:BD:F4,2025:02:27 14:16:38:300,-3.71,-3.49,-17.29,-0.2,-0.21
CC:7B:5C:AF:BD:F4,2025:02:27 14:16:38:400,-1.28,-1.22,-6.08,-0.2,-0.2
CC:7B:5C:AF:BD:F4,2025:02:27 14:16:38:500,-2.88,-2.84,-13.84,-0.2,-0.2
CC:7B:5C:AF:BD:F4,2025:02:27 14:16:38:600,-2.21,-2.38,-10.99,-0.21,-0.19
CC:7B:5C:AF:BD:F4,2025:02:27 14:16:38:700,-1.4,-1.43,-7.06,-0.2,-0.19
CC:7B:5C:AF:BD:F4,2025:02:27 14:16:38:800,-1.14,-1.11,-5.57,-0.2,-0.2
CC:7B:5C:AF:BD:F4,2025:02:27 14:16:38:900,-2.91,-2.88,-14.27,-0.2,-0.2
CC:7B:5C:AF:BD:F4,2025:02:27 14:16:39:000,12.54,20.24,106.91,-0.19,-0.11
CC:7B:5C:AF:BD:F4,2025:02:27 14:16:39:100,-330.87,81.7,757.95,-0.11,0.41
CC:7B:5C:AF:BD:F4,2025:02:27 14:16:39:200,-297.71,497.41,922.34,-0.49,0.28
CC:7B:5C:AF:BD:F4,2025:02:27 14:16:39:300,92.3,85.26,-164.26,0.48,0.46
CC:7B:5C:AF:BD:F4,2025:02:27 14:16:39:400,10.27,5.59,-1.53,-1.84,-1.06
CC:7B:5C:AF:BD:F4,2025:02:27 14:16:39:500,154.83,260.09,-614.05,-2.74,-0.23
CC:7B:5C:AF:BD:F4,2025:02:27 14:16:39:600,-24.97,-202.53,-79.67,-1.2,-0.11
CC:7B:5C:AF:BD:F4,2025:02:27 14:16:39:700,2.89,170.57,87.13,-1.1,-0.02
CC:7B:5C:AF:BD:F4,2025:02:27 14:16:39:800,0.11,57.81,12.28,-1.36,-0.0
CC:7B:5C:AF:BD:F4,2025:02:27 14:16:39:900,0.49,44.54,14.4,-1.26,-0.01
CC:7B:5C:AF:BD:F4,2025:02:27 14:16:40:000,0.15,6.92,1.87,-1.31,-0.02

CC:7B:5C:AF:BD:F4,2025:02:27 14:16:44:600,-4.12,-3.17,-8.92,-0.34,-0.41
CC:7B:5C:AF:BD:F4,2025:02:27 14:16:44:700,-5.04,-3.83,-10.86,-0.34,-0.41
CC:7B:5C:AF:BD:F4,2025:02:27 14:16:44:800,-3.61,-2.7,-7.65,-0.34,-0.42
CC:7B:5C:AF:BD:F4,2025:02:27 14:16:44:900,-7.19,-5.41,-15.24,-0.34,-0.42
CC:7B:5C:AF:BD:F4,2025:02:27 14:16:45:000,-1.76,-1.28,-3.7,-0.33,-0.42
CC:7B:5C:AF:BD:F4,2025:02:27 14:16:45:100,-3.16,-2.35,-6.78,-0.33,-0.41
CC:7B:5C:AF:BD:F4,2025:02:27 14:16:45:200,-6.41,-4.85,-13.84,-0.34,-0.41
CC:7B:5C:AF:BD:F4,2025:02:27 14:16:45:300,-6.04,-4.34,-12.63,-0.33,-0.42
CC:7B:5C:AF:BD:F4,2025:02:27 14:16:45:400,-6.96,-5.86,-16.93,-0.33,-0.37
CC:7B:5C:AF:BD:F4,2025:02:27 14:16:45:500,29.76,61.06,227.72,-0.26,-0.13
CC:7B:5C:AF:BD:F4,2025:02:27 14:16:45:600,-171.03,-211.62,1147.96,0.18,0.15
CC:7B:5C:AF:BD:F4,2025:02:27 14:16:45:700,-7.3,7.13,41.26,-0.17,0.17
CC:7B:5C:AF:BD:F4,2025:02:27 14:16:45:800,-197.59,731.56,385.54,-1.09,0.23
CC:7B:5C:AF:BD:F4,2025:02:27 14:16:45:900,106.7,-351.0,-32.65,-1.48,0.29
CC:7B:5C:AF:BD:F4,2025:02:27 14:16:46:000,275.95,92.06,60.0,-0.99,-1.19
CC:7B:5C:AF:BD:F4,2025:02:27 14:16:46:100,-36.86,-138.96,-260.56,-0.49,-0.12
CC:7B:5C:AF:BD:F4,2025:02:27 14:16:46:200,-19.6,99.14,99.26,-0.78,0.14
CC:7B:5C:AF:BD:F4,2025:02:27 14:16:46:300,1.65,-28.24,-24.99,-0.85,0.04
CC:7B:5C:AF:BD:F4,2025:02:27 14:16:46:400,-5.23,61.38,50.33,-0.88,0.07
CC:7B:5C:AF:BD:F4,2025:02:27 14:16:46:500,-3.17,30.84,24.78,-0.89,0.08

CC:7B:5C:AF:BD:F4,2025:02:27 14:16:51:100,-2.21,-1.06,-6.73,-0.16,-0.31
CC:7B:5C:AF:BD:F4,2025:02:27 14:16:51:200,-3.17,-1.47,-9.49,-0.15,-0.32
CC:7B:5C:AF:BD:F4,2025:02:27 14:16:51:300,-2.88,-1.4,-8.47,-0.16,-0.32
CC:7B:5C:AF:BD:F4,2025:02:27 14:16:51:400,-1.86,-0.86,-5.53,-0.15,-0.32
CC:7B:5C:AF:BD:F4,2025:02:27 14:16:51:500,-1.12,-0.51,-3.31,-0.15,-0.32
CC:7B:5C:AF:BD:F4,2025:02:27 14:16:51:600,-2.32,-1.17,-7.17,-0.16,-0.31
CC:7B:5C:AF:BD:F4,2025:02:27 14:16:51:700,-4.37,-2.08,-13.82,-0.15,-0.3
CC:7B:5C:AF:BD:F4,2025:02:27 14:16:51:800,-4.5,-2.33,-14.43,-0.16,-0.3
CC:7B:5C:AF:BD:F4,2025:02:27 14:16:51:900,-1.82,-0.96,-6.01,-0.16,-0.29
CC:7B:5C:AF:BD:F4,2025:02:27 14:16:52:000,0.83,0.43,2.94,-0.15,-0.27
CC:7B:5C:AF:BD:F4,2025:02:27 14:16:52:100,2.2,12.1,122.96,-0.1,-0.02
CC:7B:5C:AF:BD:F4,2025:02:27 14:16:52:200,-72.98,-70.36,769.56,0.09,0.09
CC:7B:5C:AF:BD:F4,2025:02:27 14:16:52:300,-62.57,190.2,323.61,-0.53,0.17
CC:7B:5C:AF:BD:F4,2025:02:27 14:16:52:400,-270.74,244.09,512.89,-0.44,0.44
CC:7B:5C:AF:BD:F4,2025:02:27 14:16:52:500,137.13,19.5,104.21,2.96,0.91
CC:7B:5C:AF:BD:F4,2025:02:27 14:16:52:600,607.36,267.47,-220.15,-2.26,-1.05
CC:7B:5C:AF:BD:F4,2025:02:27 14:16:52:700,-85.87,-236.99,-17.24,-1.5,-0.35
CC:7B:5C:AF:BD:F4,2025:02:27 14:16:52:800,-3.0,124.05,84.61,-0.97,0.02
CC:7B:5C:AF:BD:F4,2025:02:27 14:16:52:900,-0.99,29.96,2.48,-1.49,0.03
CC:7B:5C:AF:BD:F4,2025:02:27 14:16:53:000,-1.82,70.69,14.13,-1.37,0.03

CC:7B:5C:AF:BD:F4,2025:02:27 14:16:54:200,0.52,-9.7,-1.38,-1.43,0.05
CC:7B:5C:AF:BD:F4,2025:02:27 14:16:54:300,0.08,-26.98,-4.04,-1.42,0.0
CC:7B:5C:AF:BD:F4,2025:02:27 14:16:54:400,-15.0,-102.9,-13.83,-1.44,-0.14
CC:7B:5C:AF:BD:F4,2025:02:27 14:16:54:500,-12.61,-58.33,-26.13,-1.15,-0.19
CC:7B:5C:AF:BD:F4,2025:02:27 14:16:54:600,-2.82,-172.17,-80.8,-1.13,-0.01
CC:7B:5C:AF:BD:F4,2025:02:27 14:16:54:700,46.2,-82.0,-111.16,-0.64,0.32
CC:7B:5C:AF:BD:F4,2025:02:27 14:16:54:800,-22.24,38.27,71.79,-0.49,0.27
CC:7B:5C:AF:BD:F4,2025:02:27 14:16:54:900,-5.28,14.29,23.28,-0.55,0.19
CC:7B:5C:AF:BD:F4,2025:02:27 14:16:55:000,-11.89,45.2,79.35,-0.52,0.13
CC:7B:5C:AF:BD:F4,2025:02:27 14:16:55:100,-12.98,123.83,205.61,-0.54,0.05
CC:7B:5C:AF:BD:F4,2025:02:27 14:16:55:200,-19.79,163.82,266.12,-0.55,0.06
CC:7B:5C:AF:BD:F4,2025:02:27 14:16:55:300,23.49,86.59,162.53,-0.49,-0.13
CC:7B:5C:AF:BD:F4,2025:02:27 14:16:55:400,-12.59,-20.98,-46.99,-0.42,-0.24
CC:7B:5C:AF:BD:F4,2025:02:27 14:16:55:500,-23.87,-33.13,-81.88,-0.38,-0.26
CC:7B:5C:AF:BD:F4,2025:02:27 14:16:55:600,-9.25,-14.48,-37.31,-0.37,-0.23
CC:7B:5C:AF:BD:F4,2025:02:27 14:16:55:700,-4.0,-7.36,-17.21,-0.4,-0.21
CC:7B:5C:AF:BD:F4,2025:02:27 14:16:55:800,-3.05,-5.91,-12.83,-0.43,-0.21
CC:7B:5C:AF:BD:F4,2025:02:27 14:16:55:900,3.3,5.94,12.92,-0.43,-0.23
CC:7B:5C:AF:BD:F4,2025:02:27 14:16:56:000,1.23,2.28,5.59,-0.39,-0.2
CC:7B:5C:AF:BD:F4,2025:02:27 14:16:56:100,-3.42,-6.07,-14.42,-0.4,-0.22

CC:7B:5C:AF:BD:F4,2025:02:27 14:17:00:400,-4.54,-9.5,-23.3,-0.39,-0.18
CC:7B:5C:AF:BD:F4,2025:02:27 14:17:00:500,-3.61,-8.09,-19.24,-0.4,-0.17
CC:7B:5C:AF:BD:F4,2025:02:27 14:17:00:600,-1.04,-2.41,-5.61,-0.41,-0.17
CC:7B:5C:AF:BD:F4,2025:02:27 14:17:00:700,-0.73,-1.64,-4.05,-0.39,-0.17
CC:7B:5C:AF:BD:F4,2025:02:27 14:17:00:800,-2.49,-5.04,-12.29,-0.39,-0.19
CC:7B:5C:AF:BD:F4,2025:02:27 14:17:00:900,-0.49,-1.02,-2.51,-0.39,-0.18
CC:7B:5C:AF:BD:F4,2025:02:27 14:17:01:000,0.72,1.4,3.48,-0.38,-0.19
CC:7B:5C:AF:BD:F4,2025:02:27 14:17:01:100,-1.35,-2.6,-6.68,-0.37,-0.19
CC:7B:5C:AF:BD:F4,2025:02:27 14:17:01:200,-2.45,-5.85,-15.13,-0.37,-0.15
CC:7B:5C:AF:BD:F4,2025:02:27 14:17:01:300,-9.84,60.93,257.54,-0.23,0.04
CC:7B:5C:AF:BD:F4,2025:02:27 14:17:01:400,-324.58,-86.68,824.87,0.1,0.37
CC:7B:5C:AF:BD:F4,2025:02:27 14:17:01:500,-115.47,201.57,324.16,-0.56,0.29
CC:7B:5C:AF:BD:F4,2025:02:27 14:17:01:600,-6.72,0.9,8.63,-0.1,0.66
CC:7B:5C:AF:BD:F4,2025:02:27 14:17:01:700,-73.44,-48.25,4.92,-1.67,-0.99
CC:7B:5C:AF:BD:F4,2025:02:27 14:17:01:800,56.02,89.98,-81.49,-2.31,-0.43
CC:7B:5C:AF:BD:F4,2025:02:27 14:17:01:900,-17.68,-107.66,-14.09,-1.44,-0.16
CC:7B:5C:AF:BD:F4,2025:02:27 14:17:02:000,2.57,75.34,24.45,-1.26,-0.03
CC:7B:5C:AF:BD:F4,2025:02:27 14:17:02:100,1.27,37.51,-1.63,-1.61,-0.03
CC:7B:5C:AF:BD:F4,2025:02:27 14:17:02:200,0.13,72.0,5.59,-1.49,-0.0
CC:7B:5C:AF:BD:F4,2025:02:27 14:17:02:300,0.08,19.6,0.67,-1.54,-0.0

CC:7B:5C:AF:BD:F4,2025:02:27 14:17:05:600,-4.26,-5.96,-16.57,-0.35,-0.24
CC:7B:5C:AF:BD:F4,2025:02:27 14:17:05:700,-0.18,-0.26,-0.72,-0.34,-0.23
CC:7B:5C:AF:BD:F4,2025:02:27 14:17:05:800,-1.76,-2.43,-6.75,-0.35,-0.24
CC:7B:5C:AF:BD:F4,2025:02:27 14:17:05:900,-4.6,-6.29,-16.88,-0.36,-0.25
CC:7B:5C:AF:BD:F4,2025:02:27 14:17:06:000,-0.52,-0.67,-1.86,-0.35,-0.26
CC:7B:5C:AF:BD:F4,2025:02:27 14:17:06:100,-2.88,-4.05,-10.75,-0.36,-0.25
CC:7B:5C:AF:BD:F4,2025:02:27 14:17:06:200,-2.68,-3.87,-10.15,-0.36,-0.24
CC:7B:5C:AF:BD:F4,2025:02:27 14:17:06:300,-1.07,-1.52,-4.08,-0.36,-0.24
CC:7B:5C:AF:BD:F4,2025:02:27 14:17:06:400,-1.42,-2.15,-5.95,-0.35,-0.22
CC:7B:5C:AF:BD:F4,2025:02:27 14:17:06:500,1.31,2.58,7.92,-0.32,-0.16
CC:7B:5C:AF:BD:F4,2025:02:27 14:17:06:600,-60.51,76.67,309.39,-0.24,0.19
CC:7B:5C:AF:BD:F4,2025:02:27 14:17:06:700,-284.39,116.12,918.62,-0.13,0.3
CC:7B:5C:AF:BD:F4,2025:02:27 14:17:06:800,-194.75,303.61,645.91,-0.44,0.27
CC:7B:5C:AF:BD:F4,2025:02:27 14:17:06:900,347.32,478.2,-208.06,1.16,0.59
CC:7B:5C:AF:BD:F4,2025:02:27 14:17:07:000,-179.17,-87.38,155.8,-2.63,-0.79
CC:7B:5C:AF:BD:F4,2025:02:27 14:17:07:100,40.76,150.22,-172.86,-2.43,-0.18
CC:7B:5C:AF:BD:F4,2025:02:27 14:17:07:200,0.44,-17.14,-5.85,-1.24,0.02
CC:7B:5C:AF:BD:F4,2025:02:27 14:17:07:300,-1.88,21.25,-3.1,-1.72,0.09
CC:7B:5C:AF:BD:F4,2025:02:27 14:17:07:400,-4.55,43.09,-9.6,-1.79,0.1
CC:7B:5C:AF:BD:F4,2025:02:27 14:17:07:500,-2.66,32.64,-5.2,-1.73,0.08

CC:7B:5C:AF:BD:F4,2025:02:27 14:17:11:300,17.68,17.63,49.43,-0.34,-0.33
CC:7B:5C:AF:BD:F4,2025:02:27 14:17:11:400,-2.05,-1.92,-6.26,-0.3,-0.3
CC:7B:5C:AF:BD:F4,2025:02:27 14:17:11:500,-6.37,-6.11,-19.27,-0.31,-0.31
CC:7B:5C:AF:BD:F4,2025:02:27 14:17:11:600,-10.13,-10.3,-29.19,-0.34,-0.32
CC:7B:5C:AF:BD:F4,2025:02:27 14:17:11:700,0.05,0.06,0.15,-0.37,-0.33
CC:7B:5C:AF:BD:F4,2025:02:27 14:17:11:800,-5.98,-6.2,-16.31,-0.36,-0.33
CC:7B:5C:AF:BD:F4,2025:02:27 14:17:11:900,-8.07,-8.41,-22.71,-0.35,-0.32
CC:7B:5C:AF:BD:F4,2025:02:27 14:17:12:000,-1.67,-1.82,-4.98,-0.35,-0.31
CC:7B:5C:AF:BD:F4,2025:02:27 14:17:12:100,-0.19,-0.22,-0.66,-0.32,-0.26
CC:7B:5C:AF:BD:F4,2025:02:27 14:17:12:200,-12.59,26.32,399.65,-0.07,0.03
CC:7B:5C:AF:BD:F4,2025:02:27 14:17:12:300,-250.99,130.33,805.47,-0.16,0.3
CC:7B:5C:AF:BD:F4,2025:02:27 14:17:12:400,-456.3,704.98,1084.37,-0.58,0.34
CC:7B:5C:AF:BD:F4,2025:02:27 14:17:12:500,-246.33,-123.39,143.2,-2.43,-0.92
CC:7B:5C:AF:BD:F4,2025:02:27 14:17:12:600,428.18,99.46,-255.9,-2.77,-1.0
CC:7B:5C:AF:BD:F4,2025:02:27 14:17:12:700,26.35,-247.93,-39.86,-1.41,0.1
CC:7B:5C:AF:BD:F4,2025:02:27 14:17:12:800,-3.02,37.9,13.28,-1.23,0.08
CC:7B:5C:AF:BD:F4,2025:02:27 14:17:12:900,-2.98,39.89,4.8,-1.45,0.07
CC:7B:5C:AF:BD:F4,2025:02:27 14:17:13:000,-3.68,70.11,4.14,-1.51,0.05
CC:7B:5C:AF:BD:F4,2025:02:27 14:17:13:100,-2.12,40.48,4.51,-1.46,0.05
CC:7B:5C:AF:BD:F4,2025:02:27 14:17:13:200,-1.41,23.03,2.36,-1.47,0.06

CC:7B:5C:AF:BD:F4,2025:02:27 14:17:16:700,-0.48,-0.43,-1.79,-0.24,-0.25
CC:7B:5C:AF:BD:F4,2025:02:27 14:17:16:800,3.89,4.62,16.69,-0.27,-0.22
CC:7B:5C:AF:BD:F4,2025:02:27 14:17:16:900,8.05,7.83,31.63,-0.24,-0.24
CC:7B:5C:AF:BD:F4,2025:02:27 14:17:17:000,-5.33,-4.62,-19.31,-0.23,-0.26
CC:7B:5C:AF:BD:F4,2025:02:27 14:17:17:100,-6.65,-5.45,-22.37,-0.24,-0.28
CC:7B:5C:AF:BD:F4,2025:02:27 14:17:17:200,-2.64,-2.35,-9.63,-0.24,-0.26
CC:7B:5C:AF:BD:F4,2025:02:27 14:17:17:300,0.94,0.89,3.68,-0.24,-0.24
CC:7B:5C:AF:BD:F4,2025:02:27 14:17:17:400,-0.99,-0.99,-4.11,-0.24,-0.23
CC:7B:5C:AF:BD:F4,2025:02:27 14:17:17:500,0.67,0.71,2.93,-0.24,-0.22
CC:7B:5C:AF:BD:F4,2025:02:27 14:17:17:600,8.69,12.94,70.55,-0.18,-0.12
CC:7B:5C:AF:BD:F4,2025:02:27 14:17:17:700,-144.85,-32.72,759.58,0.04,0.19
CC:7B:5C:AF:BD:F4,2025:02:27 14:17:17:800,-138.26,322.48,613.08,-0.48,0.2
CC:7B:5C:AF:BD:F4,2025:02:27 14:17:17:900,-147.91,88.02,269.88,-0.32,0.48
CC:7B:5C:AF:BD:F4,2025:02:27 14:17:18:000,135.71,-401.75,210.31,-2.05,0.29
CC:7B:5C:AF:BD:F4,2025:02:27 14:17:18:100,130.18,82.88,-69.14,-2.27,-0.88
CC:7B:5C:AF:BD:F4,2025:02:27 14:17:18:200,-16.31,-235.56,-35.44,-1.42,-0.07
CC:7B:5C:AF:BD:F4,2025:02:27 14:17:18:300,-2.13,32.75,10.64,-1.26,0.06
CC:7B:5C:AF:BD:F4,2025:02:27 14:17:18:400,1.58,-18.19,-0.19,-1.56,0.09
CC:7B:5C:AF:BD:F4,2025:02:27 14:17:18:500,-3.33,34.16,2.86,-1.49,0.1
CC:7B:5C:AF:BD:F4,2025:02:27 14:17:18:600,-0.16,1.59,0.04,-1.55,0.1

CC:7B:5C:AF:BD:F4,2025:02:27 14:17:24:100,-5.0,-6.12,-13.46,-0.43,-0.33
CC:7B:5C:AF:BD:F4,2025:02:27 14:17:24:200,-3.21,-4.01,-8.72,-0.43,-0.32
CC:7B:5C:AF:BD:F4,2025:02:27 14:17:24:300,-3.54,-4.36,-9.27,-0.44,-0.33
CC:7B:5C:AF:BD:F4,2025:02:27 14:17:24:400,-2.84,-3.56,-7.45,-0.45,-0.33
CC:7B:5C:AF:BD:F4,2025:02:27 14:17:24:500,-3.54,-4.53,-9.67,-0.44,-0.32
CC:7B:5C:AF:BD:F4,2025:02:27 14:17:24:600,-1.53,-1.93,-4.15,-0.44,-0.32
CC:7B:5C:AF:BD:F4,2025:02:27 14:17:24:700,-1.77,-2.17,-4.8,-0.42,-0.32
CC:7B:5C:AF:BD:F4,2025:02:27 14:17:24:800,3.87,4.78,10.52,-0.43,-0.32
CC:7B:5C:AF:BD:F4,2025:02:27 14:17:24:900,24.94,36.24,88.18,-0.39,-0.26
CC:7B:5C:AF:BD:F4,2025:02:27 14:17:25:000,-180.75,46.22,822.76,-0.06,0.22
CC:7B:5C:AF:BD:F4,2025:02:27 14:17:25:100,-386.36,591.68,739.86,-0.67,0.39
CC:7B:5C:AF:BD:F4,2025:02:27 14:17:25:200,127.4,203.84,-291.19,0.61,0.34
CC:7B:5C:AF:BD:F4,2025:02:27 14:17:25:300,63.81,36.23,-11.48,-1.88,-1.03
CC:7B:5C:AF:BD:F4,2025:02:27 14:17:25:400,155.83,287.51,-398.76,-2.52,-0.31
CC:7B:5C:AF:BD:F4,2025:02:27 14:17:25:500,0.9,-78.21,-25.35,-1.26,0.01
CC:7B:5C:AF:BD:F4,2025:02:27 14:17:25:600,1.73,65.5,-5.99,-1.66,-0.03
CC:7B:5C:AF:BD:F4,2025:02:27 14:17:25:700,-1.52,37.42,-1.3,-1.61,0.04
CC:7B:5C:AF:BD:F4,2025:02:27 14:17:25:800,-0.51,27.67,-3.17,-1.68,0.02
CC:7B:5C:AF:BD:F4,2025:02:27 14:17:25:900,-0.02,3.53,-0.3,-1.65,0.01

CC:7B:5C:AF:BD:F4,2025:02:27 14:17:27:000,-0.03,9.71,-0.37,-1.61,0.0
CC:7B:5C:AF:BD:F4,2025:02:27 14:17:27:100,-0.18,22.59,-1.26,-1.63,0.01
CC:7B:5C:AF:BD:F4,2025:02:27 14:17:27:200,-0.18,9.59,-0.28,-1.6,0.02
CC:7B:5C:AF:BD:F4,2025:02:27 14:17:27:300,0.22,-11.83,0.05,-1.57,0.02
CC:7B:5C:AF:BD:F4,2025:02:27 14:17:27:400,0.11,-10.86,0.14,-1.58,0.01
CC:7B:5C:AF:BD:F4,2025:02:27 14:17:27:500,0.02,-4.99,-0.0,-1.57,0.0
CC:7B:5C:AF:BD:F4,2025:02:27 14:17:27:600,0.0,3.24,-0.07,-1.59,-0.0
CC:7B:5C:AF:BD:F4,2025:02:27 14:17:27:700,0.0,24.84,-1.02,-1.61,0.0
CC:7B:5C:AF:BD:F4,2025:02:27 14:17:27:800,6.22,63.97,-1.51,-1.59,-0.1
CC:7B:5C:AF:BD:F4,2025:02:27 14:17:27:900,-4.79,-25.07,0.42,-1.59,-0.19
CC:7B:5C:AF:BD:F4,2025:02:27 14:17:28:000,-7.95,-208.4,-20.68,-1.47,-0.04
CC:7B:5C:AF:BD:F4,2025:02:27 14:17:28:100,187.32,-338.45,-150.42,-1.15,0.47
CC:7B:5C:AF:BD:F4,2025:02:27 14:17:28:200,74.49,-116.33,-212.93,-0.5,0.3
CC:7B:5C:AF:BD:F4,2025:02:27 14:17:28:300,-41.8,133.35,371.91,-0.34,0.11
CC:7B:5C:AF:BD:F4,2025:02:27 14:17:28:400,-0.7,214.46,489.16,-0.41,0.0
CC:7B:5C:AF:BD:F4,2025:02:27 14:17:28:500,66.06,152.15,392.78,-0.37,-0.16
CC:7B:5C:AF:BD:F4,2025:02:27 14:17:28:600,-26.43,-31.55,-62.94,-0.46,-0.36
CC:7B:5C:AF:BD:F4,2025:02:27 14:17:28:700,96.11,83.79,291.71,-0.28,-0.31
CC:7B:5C:AF:BD:F4,2025:02:27 14:17:28:800,-336.33,336.33,899.08,-0.36,0.34
CC:7B:5C:AF:BD:F4,2025:02:27 14:17:28:900,-420.3,578.59,677.34,-0.71,0.44

CC:7B:5C:AF:BD:F4,2025:02:27 14:17:36:800,-0.08,-0.6,-1.5,-0.38,-0.05
CC:7B:5C:AF:BD:F4,2025:02:27 14:17:36:900,-0.56,-3.75,-9.99,-0.36,-0.05
CC:7B:5C:AF:BD:F4,2025:02:27 14:17:37:000,-0.57,-4.14,-10.93,-0.36,-0.05
CC:7B:5C:AF:BD:F4,2025:02:27 14:17:37:100,-0.35,-2.82,-7.67,-0.35,-0.04
CC:7B:5C:AF:BD:F4,2025:02:27 14:17:37:200,-0.41,-3.52,-9.54,-0.35,-0.04
CC:7B:5C:AF:BD:F4,2025:02:27 14:17:37:300,-0.77,-5.08,-13.88,-0.35,-0.05
CC:7B:5C:AF:BD:F4,2025:02:27 14:17:37:400,-0.45,-3.46,-9.57,-0.35,-0.04
CC:7B:5C:AF:BD:F4,2025:02:27 14:17:37:500,-0.51,-3.61,-10.27,-0.34,-0.05
CC:7B:5C:AF:BD:F4,2025:02:27 14:17:37:600,-0.12,-2.01,-5.81,-0.33,-0.02
CC:7B:5C:AF:BD:F4,2025:02:27 14:17:37:700,-23.32,31.19,174.11,-0.18,0.13
CC:7B:5C:AF:BD:F4,2025:02:27 14:17:37:800,-389.52,-10.4,807.4,0.01,0.45
CC:7B:5C:AF:BD:F4,2025:02:27 14:17:37:900,-415.9,429.03,649.87,-0.58,0.49
CC:7B:5C:AF:BD:F4,2025:02:27 14:17:38:000,437.61,367.17,-182.84,1.11,0.82
CC:7B:5C:AF:BD:F4,2025:02:27 14:17:38:100,151.64,96.71,-63.25,-2.15,-0.92
CC:7B:5C:AF:BD:F4,2025:02:27 14:17:38:200,-0.67,35.53,-30.14,-2.27,0.01
CC:7B:5C:AF:BD:F4,2025:02:27 14:17:38:300,7.7,-86.19,-6.56,-1.49,0.09
CC:7B:5C:AF:BD:F4,2025:02:27 14:17:38:400,-2.92,50.9,-4.73,-1.66,0.06
CC:7B:5C:AF:BD:F4,2025:02:27 14:17:38:500,-1.01,18.55,-1.46,-1.65,0.05
CC:7B:5C:AF:BD:F4,2025:02:27 14:17:38:600,-2.25,25.73,-2.3,-1.66,0.09
CC:7B:5C:AF:BD:F4,2025:02:27 14:17:38:700,-0.27,3.6,-0.27,-1.65,0.07
